{
  "features": [
    "is_draft",
    "changed_files",
    "additions",
    "deletions",
    "requested_reviewers_count",
    "has_closing_issue"
  ],
  "acceptance": {
    "scaler_mean": [
      0.00725,
      2.254919065362215,
      5.30195780004859,
      3.3840494520962237,
      0.15044809529781342,
      0.184
    ],
    "scaler_scale": [
      0.08483771272259504,
      0.8394053115349086,
      1.602067585838881,
      1.9505969775674687,
      0.3609698023192061,
      0.3874841932260189
    ],
    "coef": [
      -0.4966087529863225,
      0.0768657328184773,
      0.34796427021689286,
      0.32940053730774926,
      -0.1818666947644278,
      2.0201201680235568
    ],
    "intercept": 1.0583035759670363
  },
  "refactor": {
    "scaler_mean": [
      0.00725,
      2.254919065362215,
      5.30195780004859,
      3.3840494520962237,
      0.15044809529781342,
      0.184
    ],
    "scaler_scale": [
      0.08483771272259504,
      0.8394053115349086,
      1.602067585838881,
      1.9505969775674687,
      0.3609698023192061,
      0.3874841932260189
    ],
    "coef": [
      0.027874086663720793,
      -0.07514933339965002,
      0.48978104954016694,
      0.16833358986656494,
      0.07410353892756258,
      0.0618946730203566
    ],
    "intercept": -0.13289732500895948
  }
}